{"c2dictionary":true,"data":{"Health":10,"State":"Idle","Direction":"E","Skin":0,"x":390.2020189069996,"y":181.9003871022993}}